IDs,aa-seq,prediction_binary,prediction,score
sp|Q49610|FTR_METKA,MEINGVEIEDTFAEAFEAKMARVLITAASHKWAMIAVKEATGFGTSVIMCPAEAGIDCGYVPPEETPDGRPGVTIMIGHNDEDELKEQLLDRIGQCVMTAPTASAFDAMPEAEKEDEDRVGYKLSFFGDGYQEEDELDGRKVWKIPVVEGEFIVEDSFGITTGVAGGNFYIMAESQPAGLQAAEAAVDAIKGVEGAYAPFPGGIVASASKVGSKQYDFLPASTNDAYCPTVEDNELPEGVKCVYEIVINGLNEEAVKEAMRVGIEAACQQPGVVKISAGNFGGKLGQYEIHLHDLF,0,non-thermophilic,0.24219349026679993
sp|Q8TWU6|CDAT8_METKA,MKVSLAGQTVDVKKILNEIPKRTVTAALLEGGEIVAVEEADDEHAERKLVRRHDVEGKVVFVTARPCLYCARELAEAGVAGVVYLGRGRGLGPYYLARSGVEVVEVHPDEPLGYDPVDRLDVLLTFGGNPYLTEEDVAARVYCLLTGRGFDADIAPAPENLSGRVEIMVTRGDPDEAVELLKEELPVFRIRRFLISGEFDRDELRERILEDIEPRILDPFAVRARIARAGAFSSSREAEVFIGDVLTSVGREVNLNDPRTVVTVDVLGPRVSVGVEKR,1,thermophilic,0.999997615814209
sp|Q8TXY4|MER_METKA,MAEVSFGIELLPDDKPTKIAHLIKVAEDNGFEYAWICDHYNNYSYMGVLTLAAVITSKIKLGPGITNPYTRHPLITASNIATLDWISGGRAIIGMGPGDKATFDKMGLPFPCKIPIWNPEAEDEVGPATAIREVKEVIYQYLEGGPVEYEGKYVKTGTADVNARSIQGSDIPFYMGAQGPIMLKTAGEIADGVLVNASNPKDFEVAVPKIEEGAKEAGRSLDEIDVAAYTCFSIDKDEDKAIEATKIVVAFIVMGSPDVVLERHGIDTEKAEQIAEAIGKGDFGTAIGLVDEDMIEAFSIAGDPDTVVDKIEELLKAGVTQVVVGSPIGPDKEKAIELVGQEVIPHFKE,1,thermophilic,0.9951039552688599
sp|Q9UXR8|HEM1_METKA,MEDLVCVGITHKEAEVEELEKARFESDEAVRDIVESFGLSGCVLLQTCNRVEVYASGARDRAEELGDLIHDDAWVKRGSEAVRHLFRVACGLESMMVGEQEILRQVKKAYDRAARLGTLDEALKIVFRRAINLGKRAREETRISEGAVSIGSAAVELAERELGSLHDKTVLVVGAGEMGKTVAKSLVDRGVRAVLVANRTYERAVELARDLGGEAVRFDELVDHLARSDVVVSATAAPHPVIHVDDVREALRKRDRRSPILIIDIANPRDVEEGVENIEDVEVRTIDDLRVIARENLERRRKEIPKVEKLIEEELSTVEEELEKLKERRLVADVAKSLHEIKDRELERALRRLKTGDPENVLQDFAEAYTKRLINVLTSAIMELPDEYRRAACRALRRASELNG,1,thermophilic,1.0
sp|P94951|MTD_METKA,MTVAKAIFIKCGNLGTSMMMDMLLDERADREDVEFRVVGTSVKMDPECVEAAVEMALDIAEDFEPDFIVYGGPNPAAPGPSKAREMLADSEYPAVIIGDAPGLKVKDEMEEQGLGYILVKPDAMLGARREFLDPVEMAIYNADLMKVLAATGVFRVVQEAFDELIEKAKEDEISENDLPKLVIDRNTLLEREEFENPYAMVKAMAALEIAENVADVSVEGCFVEQDKERYVPIVASAHEMMRKAAELADEARELEKSNDAVLRTPHAPDGKVLSKRKFMEDPE,1,thermophilic,0.9902931451797485
sp|P94954|MCH_METKA,MVSVNENALPLVERMIERAELLNVEVQELENGTTVIDCGVEAAGGFEAGLLFSEVCMGGLATVELTEFEHDGLCLPAVQVTTDHPAVSTLAAQKAGWQVQVGDYFAMGSGPARALALKPKETYEEIDYEDDADVAILCLESSELPDEDVAEHVADECGVDPENLYLLVAPTASIVGSVQVSARVVETGLYKLLEVLEYDVTRVKYATGTAPIAPVADDDGEAMGRTNDCILYGGTVYLYVEGDDELPEVVEELPSEASEDYGKPFMKIFEEADYDFYKIDPGVFAPARVVVNDLSTGKTYTAGEINVDVLKESFGL,1,thermophilic,0.9174569249153137
sp|Q02394|HMD_METKA,MVEINKVAILGAGCWRTHAATGITTFKRACEVADETGIKEAALTHSSVTYAVELKHLAGVDEVVLSDPVFDADGFTVVDIEEDCDVDLDEFIKAHLEGNPEDVMPKLRDYVNDIADDVPKPPKGAIHFLSPEEMEDKLDIVVTTDDAEAVEDADMIISWLPKGGVQPDIFKKIIDDIPEGCIVANTCTIPTRQFKEMFEDMGRDDLQVTSYHPATVPEHKGQVFVAEGYADEEVVEAVYELGEKARGLAFKVPGYLLGPVCDMASAVTAIVYAGLLTFRDACTDILGAPVDFTQNMAVEALQMMAKFMEEEGLDKLEEALDPAALTNTADSMNFGPLADTEILPKALEVLEKYSKKAE,1,thermophilic,0.9024146199226379
sp|Q8TUS2|RTCB_METKA,MAPKSMLKHIRNNVVWELPEDYKGCMKVPGRIYATEKLIDGMEKGVFDQVANVACLPGIYGYSIALPDAHYGYGFPIGGVAAFDVEEGVVSPGGVGYDINCLAPGTKILTEHGCWVKVEDLPKMLTDQKLKVYDVDEGREDDSEIKFVMERGIEEDERAVVLVTESGLTIEGSEDHPVLTPEGYVELGEIEEGDLVVVYPFEGVEYEEKEGTILDESDFEDVDPQVLRYLEERDLIPLRWSDPKVGTLARILGFAMGDGHLGEQAGRLTLSFYGDERTLRELKRDLESLGVKANLHVRKRRYEIETASGRYEGEATSVELRVASRSFALLMEKLGMPRGRKVETPYKVPDWIKEAPLWVKRNFLAGLFAADGSVVKFKRYTPLPINLTQAKVEELEENLREFMNDVAKLLREFGIETTLYEVKSKKNVVYKLAIVGEENIKRFLGKVGYEYDPEKKVEGLAAYAYLKLKERVKKDRKEAAETAAEVYEETGSITKAHEAVADVVNRRFVERVVYDGGISSVRVPEDFPTFERFKEERVLAGGFVIEEVVEVKGVEPEYDRFYDIGVCHGAHNFIADGVVVHNCGVRVMKTDLTEDDVRPKLRELLETIFRNVPAGLGSRHRRVRLSTQELRQVMLYGAEWAVEEGFGFDEDLDHIESRGNMTHAYETIGWEEYGPRDDVASKRAIERGRPQLGTLGSGNHFLEVQVVDEIYDKEAAEKMGIREEGQVTIMVHTGSRGFGHQVCSDHLRIMERSMRDVERRFGVRIPDRQLACAAMGTDEAKRYFNAMNAAANYAFANRQMISHWTRESFVEVFGDEYGDADDMGIEVIYDIAHNMAKIEKHPVDGEERWLVVHRKGATRAFSEEALKKHGEPVPFEGLPQPVLIPGDMGTGSYILIGTEKAMEETWGSTCHGAGRTMSRAAAKRKFWGEDVARELERQGILVKAASMPVVAEEAPPAYKDVDEVVRAVAEAGISDPVVRLRPIGVVKG,1,thermophilic,1.0
sp|Q49605|MCRA_METKA,MSSAEEKLFMKALKEKFEESPEEKYTKFYIFGGWKQSERKKEFKEWADKIVEERGVPHYNPDIGVPLGQRKLMSYQVSGTDVFVEGDDLHFVNNAAMQQMWDDIRRTVIVGMDTAHRVLERRLGKEVTPETINEYMETLNHALPGGAVVQEHMVEIHPGLTWDCYAKIITGDLELADEIDDKFLIDIEKLFPEEQAEQLIKAIGNRTYQVCRMPTIVGHVCDGATMYRWAAMQIAMSFICAYKIAAGEAAVSDFAFASKHAEVINMGEMLPARRARGENEPGGVPFGVLADCVQTMRKYPDDPAKVALEVIAAGAMLYDQIWLGSYMSGGVGFTQYATAVYTDNILDDYVYYGLEYVEDKYGIAEAEPSMDVVKDVATEVTLYGLEQYERYPAAMETHFGGSQRAAVCAAAAGCSTAFATGHAQAGLNGWYLSQILHKEGHGRLGFYGYALQDQCGAANSLSVRSDEGLPLELRGPNYPNYAMNVGHLGEYAGIVQAAHAARGDAFCVHPVIKVAFADENLVFDFTEPRKEFAKGALREFEPAGERDLIVPAE,1,thermophilic,0.9625157713890076
sp|Q49611|FWDG_METKA,MVKIVIHEERCHGCGNCVIACPVNACNSPNVWGGKGPEDGEDVVIKVVNGTVSVINEDLCEACMTCELACPVDAIEIKT,1,thermophilic,0.8130987286567688
sp|Q8TVD2|SYS2_METKA,MELKFSAEVELTLSREVDPAEIEPTVEEFVKEANEDLLQRGVPTGKEGAKIESYRVLEDTIEMEITGTRYLRPHEAAMRVRKRLAERLGRKHRVGVRDLKIPRYEVVLRFDREVTRDDVGYVPVADDVVVEDGTVRLTFQDVDEEMLRRHVIDRVIRLVAWAVEERSELVERVTKVEPGTVVDESGPREIRFDGDVTEEARRRGWVKEFPGRGQWIYTPPMAALFEVLRDFLLERVTRKLGFEPALFPKLIPLETMFRMRYLHGLPDGMYYVCPPKRDPELFDDFKRELYVWGELNERTLGSLKEKLRDPGYVLAPAQCEPFYELLRDEVVDPERLPIKLYDCSGWTYRWEGGAAKGLERVNEFQRIEHVWIAEPEEAERIREELLEATKRVAEELELEWKVVVSDDPFYLEGRLLEDRDIELPDVPSYEFEVYLPFKGERSSEEAWISVGSFNVHGEHFVDGFNVKEKSGRTLFTGCAGLGVTRWVVGLLAQHGFEPEEWPEPILERIDEKFGGLPEVPKTLTWPE,1,thermophilic,1.0
sp|Q8TX89|MPTD_METKA,MKYFKRLSDRERAIFEAGITLGAIYHQFCGTPVSPGTAEEVAKCIERAALLQPCVIDARVEVDVSSEDTDNYGGYTEVSGRNLRVTIVTRCGEWEAVGKLEFIEELNYPLMWVEEIRRVEQ,1,thermophilic,0.8934277892112732
sp|Q8TXU4|FEN_METKA,MGLAELRELIEPEETDLRALAGREIAIDAFNALYQFLTTIMKDGRPLMDSRGRITSHLNGLLYRTVNLVEEGIKPVYVFDGEPPDLKRETLERRRERKEEAMEKLRRAKTKEEREKYARQVARLDESLVEDAKRLLDLMGIPWVQAPSEGEAQCAYMARCGDVWATGSQDYDSLLFGSPRLVRNITIVGKRKHPHTGEIIEVKPEIMRLEDVLDQLGLESREQLVDLAILLGTDYNPDGVPGIGPKRALQLIRKYGSLDELKDTDIWPKIERHLPVEPEKLRRLFLEPEVTDDYELDWDEPDEEGLVEFLVEERDFSEDRVRRAVERLKEALQELRKGGRQETLDAFF,1,thermophilic,1.0
sp|Q8TXW1|AMZA_METKA,MKLCLVAFDGRIPMLSSIVDRFEEHVSEYLGEVKVKKKRAKLPEHAYSKVRGQYLARALLDTLRGMKGEYDRVLGLTSEDLYAPGLNFVFGQARCPGREAVVSVARLLDPDPELYLERVVKELTHELGHTFGLGHCPDRNCVMSFSSSLLEVDRKSPNFCRRCTELLQRNLKRGG,1,thermophilic,0.9999998807907104
sp|Q8TGZ5|ENDAL_METKA,MAAKGELVGSKVLVRNDRDANRLYSSMYGKPSRRGLQLWPEEALFLCEIGRLEVRSGNVRISPEELMDRFVEEDPRFPVRYAVYADLRRRGWKPKPGRKFGTEFRAFRGEDERIAVKVLQEELDEFTAQDILEWLKLVEGTEFELVVAIVDNDYDLNYYVFSELVL,1,thermophilic,0.9999996423721313

